id,name,price,availability
0,Телевизор Витязь 24LH1207,"399,00",В наличии
1,Телевизор Horizont 32LE5051D,"429,00",В наличии
2,Телевизор Horizont 43LE7052D,"799,00",В наличии
3,Телевизор Blaupunkt 32HB5000T,"599,00",В наличии
4,Телевизор Horizont 32LE7051D,"499,00","Под заказ, ≈ 26 дней"
5,Телевизор Horizont 24LE5011D,"369,00",В наличии
6,Телевизор Blaupunkt 32WB965,"429,00",В наличии
7,Телевизор Horizont 32LE7011D,"539,00",В наличии
8,Телевизор Витязь 24LH0207,"329,00",В наличии
9,Телевизор LG 32LM576BPLD,"999,00",В наличии
10,Телевизор Витязь 32LH1212,"499,00",В наличии
11,Телевизор Витязь 32LH0212,"439,00",В наличии
12,Телевизор LG 43LM6370PLA,"1 349,00",В наличии
13,Телевизор LG 43UQ75006LF,"1 499,00",В наличии
14,Телевизор LG 55NANO756PA,"2 629,00",В наличии
15,Телевизор Blaupunkt 24HB5000T,"499,00",В наличии
16,Телевизор Kivi 32H740LW,"799,00",В наличии
17,Телевизор Blaupunkt 32FB5000T,"759,00",В наличии
18,Телевизор Blaupunkt 40FB5000T,"899,00",В наличии
19,Телевизор LG 50UQ75006LF,"1 749,00",В наличии
20,Телевизор LG 32LQ630B6LA,"899,00",В наличии
21,Телевизор Витязь 43LF1212,"799,00",В наличии
22,Телевизор Blaupunkt 32WE265T,"729,00",В наличии
23,Телевизор Витязь 32LH0205,"579,00",В наличии
24,Телевизор LG 32LQ63006LA,"1 239,00",В наличии
25,Телевизор LG 43NANO756PA,"1 929,00",В наличии
26,Телевизор Витязь 24LH0205,"435,00",В наличии
27,Телевизор LG 65NANO766QA,"3 299,00",В наличии
28,Телевизор Samsung UE24N4500AU,"799,00",В наличии
29,Телевизор Витязь 32LH1206,"589,00",В наличии
30,Телевизор LG 43UP76506LD,"1 899,00",В наличии
31,Телевизор LG 50QNED816QA,"3 479,00",В наличии
32,Телевизор Kivi 32H740LB,"839,00",В наличии
33,Телевизор Kivi 32F790LW,"819,00",В наличии
34,Телевизор LG 55UQ75006LF,"2 239,00",В наличии
35,Телевизор Витязь 43LF1206,"929,00",В наличии
36,Телевизор Samsung UE32T5300AUXRU,"1 199,00",В наличии
37,Телевизор Kivi 32F710KB,"849,00",В наличии
38,Телевизор LG 50NANO766QA,"2 416,00",В наличии
39,Телевизор Kivi 32H510KD,"589,00",В наличии
40,Телевизор Samsung UE55AU7002UXRU,"2 399,00",В наличии
41,Телевизор Витязь 43LF0205,"929,00",В наличии
42,Телевизор Kivi 32F740LB,"799,00",В наличии
43,Телевизор Samsung UE55AU8000UXRU,"2 325,00",В наличии
44,Телевизор Samsung QE55Q80AAUXRU,"3 499,00",В наличии
45,Телевизор Philips 43PFS5505/60,"999,00",В наличии
46,Телевизор LG 43NANO766QA,"2 059,00",В наличии
47,Телевизор Xiaomi Mi TV P1 43 (L43M6-6ARG) / ELA4624GL,"1 199,00",В наличии
48,Телевизор Samsung UE40T5300AUXRU,"1 499,00",В наличии
49,Телевизор Kivi 50U740LB,"1 799,00",В наличии
50,Телевизор Blaupunkt 32HB5000,"659,00",В наличии
51,Телевизор Samsung UE50AU8000UXRU,"2 199,00",В наличии
52,Телевизор LG 55UQ76003LD,"2 352,00",В наличии
53,Телевизор POLAR Line 43PL52TC-SM,"995,00",В наличии
54,Телевизор Philips 55PUS7956/60,"2 199,00",В наличии
55,Телевизор Philips 50PUS7956/60,"1 799,00",В наличии
56,Телевизор Samsung UE32N4000AU,"999,00",В наличии
57,Телевизор Philips 43PFS6825/60,"1 349,00",В наличии
58,Телевизор Kivi 55U790LW,"1 799,00",В наличии
59,Телевизор LG 43UP80006LA,"2 179,00",В наличии
60,Телевизор LG OLED55C14LB,"4 989,00",В наличии
61,Телевизор POLAR Line 32PL13TC-SM,"666,00",В наличии
62,Телевизор Samsung UE32T4510AUXRU,"1 099,00",В наличии
63,Телевизор LG 24TL520V-PZ,"799,00",В наличии
64,Телевизор LG OLED55C24LA,"5 399,00",В наличии
65,Телевизор Витязь 42LF1207,"899,00",В наличии
66,Телевизор Kivi 24H500LB,"529,00",В наличии
67,Телевизор Philips 65PUS7406/60,"2 459,00",В наличии
68,Телевизор POLAR Line 42PL11TC-SM,"1 105,17",В наличии
69,Телевизор Samsung UE50AU7560UXRU,"2 499,00",В наличии
70,Телевизор Prestigio Top 40 / PTV40SS06Y (серый),"799,00",В наличии
71,Телевизор LG 50UQ76003LD,"2 117,00",В наличии
72,Телевизор Philips 32PHS5505/60,"669,00",В наличии
73,Телевизор JVC LT-55MU508,"1 987,00",В наличии
74,Телевизор Blaupunkt 65UN265,"2 199,00",В наличии
75,Телевизор Blaupunkt 65UB7000,"2 259,00",В наличии
76,Телевизор LG 28LN525V-PZ,"849,00",В наличии
77,Телевизор Harper 40F720T,"799,00",В наличии
78,Телевизор Samsung UE43AU8000UXRU,"2 249,00",В наличии
79,Телевизор Samsung UE32N4010AU,"999,00",В наличии
80,Телевизор POLAR P32L32T2CSM,"690,00",В наличии
81,Телевизор Витязь 55LU1204,"1 749,00",В наличии
82,Телевизор JVC LT-32MU208,"899,00",В наличии
83,Телевизор Harper 32R720TS,"699,00",В наличии
84,Телевизор Philips 43PUS7406/60,"1 770,00",В наличии
85,Телевизор LG 50UQ75001LG,"2 279,00",В наличии
86,Телевизор LG 50UP80006LA,"2 299,00",В наличии
87,Телевизор LG 43UQ75001LG,"1 799,00",В наличии
88,Телевизор Samsung QE50Q60ABUXRU,"2 799,00",В наличии
89,Телевизор Horizont 24LE7011D,"455,00",В наличии
90,Телевизор Philips 70PUS7956/60,"3 399,00",В наличии
91,Телевизор LG 24LP451V-PZ,"739,00",В наличии
92,Телевизор POLAR P32L21T2SCSM,"676,88",В наличии
93,Телевизор Samsung QE50Q80AAUXRU,"3 499,00",В наличии
94,Телевизор Samsung QE32LS03TBKXRU,"1 940,00",В наличии
95,Телевизор POLAR Line 32PL14TC-SM,"605,00",В наличии
96,Телевизор POLAR Line 32PL13TC,"557,00",В наличии
97,Телевизор LG OLED65C24LA,"8 909,00",В наличии
98,Телевизор Samsung QE43QN90AAUXRU,"3 990,00",В наличии
99,Телевизор Kivi 40F500LB,"879,00",В наличии
100,Телевизор Samsung QE50QN90AAUXRU,"4 990,00",В наличии
101,Телевизор SkyLine 50UST5970,"1 260,85",В наличии
102,Телевизор Витязь 43LF0212,"789,00",В наличии
103,Телевизор Samsung QE43LS03AAUXRU,"3 790,00",В наличии
104,Телевизор Samsung QE75Q80AAUXRU,"8 990,00",В наличии
105,Телевизор Kivi 32H540LB,"649,00",В наличии
106,Телевизор Samsung QE50LS01TBUXRU,"3 182,00",В наличии
107,Телевизор Samsung QE43LS01TAUXRU,"3 490,00",В наличии
108,Телевизор Samsung UE50AU7002UXRU,"1 999,00",В наличии
109,Телевизор Samsung UE65AU8000UXRU,"3 750,00",В наличии
110,Телевизор Kivi 65U740LB,"3 099,00",В наличии
111,Телевизор POLAR P40L33T2CSM,"1 049,00",В наличии
112,Телевизор POLAR Line 32PL51STC-SM,"761,28",В наличии
113,Телевизор Thomson 65UG6400,"2 500,91",В наличии
114,Телевизор Samsung UE75AU7100UXRU,"4 990,00",В наличии
115,Телевизор Samsung UE65AU7570UXRU,"3 490,00",В наличии
116,Телевизор Samsung QE55QN90AAUXRU,"5 990,00",В наличии
117,Телевизор POLAR P24L24T2C,"514,00",В наличии
118,Телевизор POLAR P39L21T2CSM,"899,00",В наличии
119,Телевизор LG 60UQ80006LB,"3 199,00",В наличии
120,Телевизор Samsung QE50LS03AAUXRU,"4 224,00",В наличии
121,Телевизор Philips 43PUS7956/60,"1 999,00",В наличии
122,Телевизор Samsung QE55QN85AAUXRU,"5 136,00",В наличии
123,Телевизор Samsung QE65QN90AAUXRU,"7 990,00",В наличии
124,Телевизор POLAR Line 32PL14TC,"649,00",В наличии
125,Телевизор Olto 32T20H,"529,00",В наличии
126,Телевизор POLAR Line 55PU52TC-SM,"1 699,00",В наличии
127,Телевизор Samsung QE43LS05TAUXRU,"3 960,00",В наличии
128,Телевизор Sony KD-65XG7096BR2,"3 699,00",В наличии
129,Телевизор Samsung QE65LS03AAUXRU,"6 376,00",В наличии
130,Телевизор Harper 24R575T,"529,00",В наличии
131,Телевизор Olto 32ST20H,"695,00",В наличии
132,Телевизор POLAR Line 55PU11TC-SM,"2 025,00",В наличии
133,Телевизор Samsung UE58AU7570UXRU,"2 990,00",В наличии
134,Телевизор Samsung UE55AU9070UXRU,"2 999,00",В наличии
135,Телевизор Samsung QE65QN87AAUXRU,"7 590,00",В наличии
136,Телевизор Samsung QE55QN700AUXRU,"7 990,00",В наличии
137,Телевизор Samsung QE75Q77AAUXRU,"8 490,00",В наличии
138,Телевизор Horizont 50LE7053D,"999,00",В наличии
139,Телевизор Витязь 24LH1103,"499,00",В наличии
140,Телевизор Thomson 32HE5606,"699,00",В наличии
141,Телевизор LG 32LP500B6LA,"999,00",В наличии
142,Телевизор Витязь 32LH1202,"669,00",В наличии
143,Телевизор Витязь 24LH1102,"535,00",В наличии
144,Телевизор Витязь 24LH1105,"599,00",В наличии
145,Телевизор Kivi 43U790LW,"1 549,00",В наличии
146,Телевизор Витязь 32LF1210,"699,00",В наличии
147,Телевизор Kivi 55U740LB,"1 999,00",В наличии
148,Телевизор Samsung UE70AU7100UXRU,"4 490,00",В наличии
149,Телевизор Xiaomi Mi TV P1 50 (L50M6-6ARG) / ELA4688GL,"1 599,00",В наличии
150,Телевизор Harper 43U750TS,"1 079,00",В наличии
151,Телевизор Harper 32R470T,"529,00",В наличии
152,Телевизор LG 43LM5772PLA,"1 499,00",В наличии
153,Телевизор Harper 32R670TS,"572,00",В наличии
154,Телевизор LG 32LM6350,"1 649,00",В наличии
155,Телевизор Thomson T55USM7030 (черный),"2 763,54",В наличии
156,Телевизор LG 32LM577BPLA,"1 269,00",В наличии
157,Телевизор Витязь 24LH0201,"454,00",В наличии
158,Телевизор Витязь 50LU1209,"1 480,46",В наличии
159,Телевизор POLAR P32L34T2C,"528,00",В наличии
160,Телевизор Samsung QE60Q65AAUXRU,"4 490,00",В наличии
161,Телевизор Samsung UE43AU9070UXRU,"2 399,00",В наличии
162,Телевизор Samsung QE55Q77AAUXRU,"4 290,00",В наличии
163,Телевизор POLAR P50L21T2SCSM,"1 428,00",В наличии
164,Телевизор LG 70UQ80006LB,"4 919,00",В наличии
165,Телевизор Harper 43F660T,"934,93",В наличии
166,Телевизор POLAR P32L23T2C,"569,00",В наличии
167,Телевизор POLAR P32L25T2C,"593,00",В наличии
168,Телевизор POLAR P24L23T2C,"514,00",В наличии
169,Телевизор POLAR P50L22T2SCSM,"1 452,00",В наличии
170,Телевизор Sony KD-65X81J,"4 970,69",В наличии
171,Телевизор Samsung UE70AU7570UXRU,"4 390,00",В наличии
172,Телевизор LG 43UQ76003LD,"2 107,99",В наличии
173,Телевизор LG 43NANO756QA,"2 489,00",В наличии
174,Телевизор POLAR Line 24PL12TC,"529,00",В наличии
175,Телевизор POLAR P43L32T2CSM,"1 156,00",В наличии
176,Телевизор Samsung QE55QN87AAUXRU,"5 590,00",В наличии
177,Телевизор Harper 32R720T,"625,00",В наличии
178,Телевизор POLAR Line 32PL51TC,"599,00",В наличии
179,Телевизор Harper 50U750TS,"1 425,83",В наличии
180,Телевизор LG 43UQ76009LC,"2 199,00",В наличии
181,Телевизор LG 50UQ80006LB,"2 229,00",В наличии
182,Телевизор LG 43NANO776QA,"2 399,00",В наличии
183,Телевизор Samsung QE75Q60ABUXRU,"6 990,00",В наличии
184,Телевизор Sony KD-75X81J,"6 599,00",В наличии
185,Телевизор Samsung UE85AU8000UXRU,"8 990,00",В наличии
186,Телевизор Sony KD-85X85TJ,"13 011,94",В наличии
187,Телевизор Sony XR-65A80J,"13 107,02",В наличии
188,Телевизор Artel 32AH90G (черный/серебристый),"445,00",В наличии
189,Телевизор Fox 32DTV220C,"498,42",В наличии
190,Телевизор Harper 32R670T,"499,00",В наличии
191,Телевизор Telefunken TF-LED32S09T2,"512,34",В наличии
192,Телевизор Telefunken TF-LED32S77T2,"512,34",В наличии
193,Телевизор Telefunken TF-LED32S49T2S,"585,08",В наличии
194,Телевизор Harper 24R490T,"599,00",В наличии
195,Телевизор Telefunken TF-LED32S12T2S,"600,89",В наличии
196,Телевизор TCL 32S6200,"765,00",В наличии
197,Телевизор SkyLine 40LST5970,"818,14",В наличии
198,Телевизор Telefunken TF-LED40S85T2S,"951,50",В наличии
199,Телевизор SkyLine 43LT5900,"967,74",В наличии
200,Телевизор Fox 50AOS400C,"1 199,00",В наличии
201,Телевизор LG 43UQ81009LC,"2 199,00",В наличии
202,Телевизор LG 43UQ90006LD,"2 371,85",В наличии
203,Телевизор LG 50UQ81009LC,"2 606,23",В наличии
204,Телевизор LG 50NANO766PA,"2 709,00",В наличии
205,Телевизор Avel Smart AVS240WS (белый),"2 764,00","Под заказ, ≈ 10 дней"
206,Телевизор Avel Smart AVS240KS (черный),"2 934,00","Под заказ, ≈ 10 дней"
207,Телевизор Avel Smart AVS240KS (белый),"2 987,00","Под заказ, ≈ 10 дней"
208,Телевизор LG 55UQ81009LC,"3 131,99",В наличии
209,Телевизор Avel Smart AVS240KS (Magic Mirror),"3 605,00","Под заказ, ≈ 10 дней"
210,Телевизор LG 43LT340C,"3 799,00",В наличии
211,Телевизор LG 55UT640S,"5 758,08",В наличии
212,Телевизор Samsung QE65LS01TBUXRU,"6 490,00",В наличии
213,Телевизор Sony KD-75X85TJ,"9 016,94",В наличии
214,Телевизор Samsung QE75LS03AAUXRU,"9 990,00",В наличии
215,Телевизор Samsung QE75QN700AUXRU,"14 990,00",В наличии
216,Телевизор Samsung QE65QN900AUXRU,"19 990,00",В наличии
217,Телевизор Artel 32AH90G (черный),"447,45",В наличии
218,Телевизор Samsung UE65BU8000UXRU,"3 857,57","Под заказ, ≈ 12 дней"
219,Телевизор JVC LT-32MU108,,Только уценка
220,Телевизор LG 24TN520S-PZ,,Только уценка
221,Телевизор Horizont 22LE5511D (черный),,Только уценка
222,Телевизор Xiaomi Mi TV P1 32 (L32M6-6ARG) / ELA4614GL,,Только уценка
223,Телевизор Blaupunkt 43FE265T,,Нет на складе
224,Телевизор Blaupunkt 32WC265T,,Нет на складе
225,Телевизор Kivi 32H710KB,,Нет на складе
226,Телевизор Horizont 32LE7511D,,Нет на складе
227,Телевизор Kivi 40F730GR,,Нет на складе
228,Телевизор Blaupunkt 43UB6000,,Нет на складе
229,Телевизор Blaupunkt 50UB7000,,Нет на складе
230,Телевизор Horizont 32LE5511D,,Нет на складе
231,Телевизор Blaupunkt 43UB7000,,Нет на складе
232,Телевизор Prestigio Top 32 / PTV32SS04Z (черный),,Нет на складе
233,Телевизор Blaupunkt 50UN265T,,Нет на складе
234,Телевизор Blaupunkt 43UB7000T,,Нет на складе
235,Телевизор Blaupunkt 40FB5000,,Нет на складе
236,Телевизор Kivi 50U600KD,,Нет на складе
237,Телевизор Thomson T32RTE1300 (черный),,Нет на складе
238,Телевизор Samsung UE50TU8000UXRU,,Нет на складе
239,Телевизор Horizont 43LE7022D,,Нет на складе
240,Телевизор Horizont 24LE5511D (черный),,Нет на складе
241,Телевизор Horizont 32LE5011D,,Нет на складе
242,Телевизор Blaupunkt 55UB7000,,Нет на складе
243,Телевизор Kivi 50U730GR,,Нет на складе
244,Телевизор LG 43LM5777PLC,,Нет на складе
245,Телевизор Kivi 55UR50GR,,Нет на складе
246,Телевизор Thomson T40FSM6020,,Нет на складе
247,Телевизор Thomson T24RTE1280 (черный),,Нет на складе
248,Телевизор Витязь 32LH0202,,Нет на складе
249,Телевизор Thomson T32RTE1310 (черный),,Нет на складе
250,Телевизор Kivi 50U710KB,,Нет на складе
251,Телевизор LG 55UP76506LD,,Нет на складе
252,Телевизор Samsung UE65AU7100UXRU,,Нет на складе
253,Телевизор LG 50UP76506LD,,Нет на складе
254,Телевизор Samsung UE50AU7100UXRU,,Нет на складе
255,Телевизор TCL 50P615,,Нет на складе
256,Телевизор Thomson T32RTL6030 (черный),,Нет на складе
257,Телевизор Samsung UE32N5000AU,,Нет на складе
258,Телевизор Kivi 40F740LB,,Нет на складе
259,Телевизор Prestigio PTV24SS06Z CIS BK,,Нет на складе
260,Телевизор Skyworth 40E2A,,Нет на складе
261,Телевизор Kivi 24H740LW,,Нет на складе
262,Телевизор LG 55NANO766QA,,Нет на складе
263,Телевизор Blaupunkt 58UN265,,Нет на складе
264,Телевизор Prestigio Muze 40 / PTV40SN04Y (черный),,Нет на складе
265,Телевизор JVC LT-43MU508,,Нет на складе
266,Телевизор Kivi 43U700GR,,Нет на складе
267,Телевизор Blaupunkt 50UB7000T,,Нет на складе
268,Телевизор Samsung UE58AU7160UXRU,,Нет на складе
269,Телевизор Thomson 43UG6400,,Нет на складе
270,Телевизор Xiaomi Mi TV P1 55 / L55M6-6ARG/ELA4616GL,,Нет на складе
271,Телевизор LG 50NANO756PA,,Нет на складе
272,Телевизор Samsung QE50Q60TAUXRU,,Нет на складе
273,Телевизор Samsung QE65Q80AAUXRU,,Нет на складе
274,Телевизор Thomson T32RTE1250 (черный),,Нет на складе
275,Телевизор LG 65UP76506LD,,Нет на складе
276,Телевизор LG OLED65C14LB,,Нет на складе
277,Телевизор Horizont 22LE5511D (белый),,Нет на складе
278,Телевизор Prestigio Top 43 / PTV43SS06Y,,Нет на складе
279,Телевизор JVC LT-42MU310,,Нет на складе
280,Телевизор Prestigio PTV50SS06X CIS BK,,Нет на складе
281,Телевизор Samsung UE43AU7002UXRU,,Нет на складе
282,Телевизор Kivi 43U740LB,,Нет на складе
283,Телевизор Horizont 24LE5511D (белый),,Нет на складе
284,Телевизор JVC LT-32MU380,,Нет на складе
285,Телевизор TCL 55P615,,Нет на складе
286,Телевизор Blaupunkt 55UB7000T,,Нет на складе
287,Телевизор POLAR Line 43PU11TC-SM,,Нет на складе
288,Телевизор Thomson T50USL7010 (черный),,Нет на складе
289,Телевизор Horizont 65LE7053D,,Нет на складе
290,Телевизор JVC LT-32M585W,,Нет на складе
291,Телевизор LG 43UJ630V,,Нет на складе
292,Телевизор Harper 55U660TS,,Нет на складе
293,Телевизор Harper 65U660TS,,Нет на складе
294,Телевизор Samsung UE70TU7100UXRU,,Нет на складе
295,Телевизор LG 32LM6350PLA,,Нет на складе
296,Телевизор JVC LT-50MU508,,Нет на складе
297,Телевизор Витязь 32LF1211 (белый),,Нет на складе
298,Телевизор Prestigio Top 40 / PTV40SS06Y (черный),,Нет на складе
299,Телевизор Samsung UE65AU7500UXRU,,Нет на складе
300,Телевизор LG 65UQ75001LG,,Нет на складе
301,Телевизор LG 65UP75006LF,,Нет на складе
302,Телевизор Philips 32PHS6825/60,,Нет на складе
303,Телевизор POLAR P43L21T2SCSM,,Нет на складе
304,Телевизор POLAR P55U51T2CSM,,Нет на складе
305,Телевизор POLAR P50U51T2SCSM,,Нет на складе
306,Телевизор Samsung UE85AU7100UXRU,,Нет на складе
307,Телевизор POLAR Line 32PL54TC-SM,,Нет на складе
308,Телевизор LG 75UP80006LA,,Нет на складе
309,Телевизор Philips 58PUS8506/60 (серебристый),,Нет на складе
310,Телевизор Samsung QE65Q70AAUXRU,,Нет на складе
311,Телевизор Sony XR-65X90J,,Нет на складе
312,Телевизор Harper 24R470T,,Нет на складе
313,Телевизор LG 75UP81006LA,,Нет на складе
314,Телевизор POLAR Line 43PL51TC-SM,,Нет на складе
315,Телевизор SkyLine 43LST5975,,Нет на складе
316,Телевизор POLAR Line 65PU51TC-SM,,Нет на складе
317,Телевизор Samsung UE75AU9070UXRU,,Нет на складе
318,Телевизор Harper 40F660TS,,Нет на складе
319,Телевизор Horizont 32LE5511D (белый),,Нет на складе
320,Телевизор LG OLED83C2RLA,,Нет на складе
321,Телевизор Samsung UE50TU7002UXRU,,Нет на складе
322,Телевизор Thomson T32RTM6020 (черный),,Нет на складе
323,Телевизор Kivi 32F710KW,,Нет на складе
324,Телевизор Horizont 55LE7053D,,Нет на складе
325,Телевизор Thomson T43FSL6010 (черный),,Нет на складе
326,Телевизор Samsung QE55Q60ABUXRU,,Нет на складе
327,Телевизор LG 43UP75006LF,,Нет на складе
328,Телевизор Thomson T50USL7000 (черный),,Нет на складе
329,Телевизор Витязь 65LU1204,,Нет на складе
330,Телевизор LG 32LM558BPLC,,Нет на складе
331,Телевизор LG 32LQ570B6LA,,Нет на складе
332,Телевизор LG 32LQ630B6LA,,Нет на складе
333,Телевизор LG 65NANO756PA,,Нет на складе
334,Телевизор POLAR P42L21T2CSM,,Нет на складе
335,Телевизор POLAR P39L32T2C,,Нет на складе
336,Телевизор Samsung UE55AU7500UXRU,,Нет на складе
337,Телевизор POLAR P50U53T2CSM,,Нет на складе
338,Телевизор Samsung UE43AU7500UXRU,,Нет на складе
339,Телевизор Harper 24R490TS,,Нет на складе
340,Телевизор LG OLED55C1RLA,,Нет на складе
341,Телевизор POLAR Line 40PL11TC-SM,,Нет на складе
342,Телевизор Витязь 42LF0207,,Нет на складе
343,Телевизор Harper 32R610TS,,Нет на складе
344,Телевизор POLAR Line 32PL12TC,,Нет на складе
345,Телевизор POLAR Line 42PL11TC,,Нет на складе
346,Телевизор Thomson T55USL7010 (черный),,Нет на складе
347,Телевизор Samsung UE50AU7500UXRU,,Нет на складе
348,Телевизор POLAR Line 32PL53TC,,Нет на складе
349,Телевизор POLAR Line 24PL51TC-SM,,Нет на складе
350,Телевизор SkyLine 32YST5970,,Нет на складе
351,Телевизор Samsung UE75AU7500UXRU,,Нет на складе
352,Телевизор Samsung UE43AU7170UXRU,,Нет на складе
353,Телевизор POLAR Line 43PL51STC-SM,,Нет на складе
354,Телевизор POLAR Line 50PL51TC-SM,,Нет на складе
355,Телевизор POLAR P65U51T2CSM,,Нет на складе
356,Телевизор Harper 43F720T,,Нет на складе
357,Телевизор LG 55NANO806PA,,Нет на складе
358,Телевизор LG 65NANO926PB,,Нет на складе
359,Телевизор LG 65NANO906PB,,Нет на складе
360,Телевизор LG OLED65C1RLA,,Нет на складе
361,Телевизор Harper 50U660TS,,Нет на складе
362,Телевизор Samsung UE49N5540AU,,Нет на складе
363,Телевизор POLAR P40L34T2CSM Smart TV (Yandex TV),,Нет на складе
364,Телевизор Sony XR-85X95J,,Нет на складе
365,Телевизор Sony KD-65X85TJ,,Нет на складе
366,Телевизор LG 55UQ91009LD,,Нет на складе
367,Телевизор Sony XR-65A90J,,Нет на складе
368,Телевизор Sony KD-65AG9BR2,,Нет на складе
369,Телевизор LG 55NANO816PA,,Нет на складе
370,Телевизор LG 65NANO776QA,,Нет на складе
371,Телевизор Sony XR-55A90J ,,Нет на складе
372,Телевизор SkyLine 40LT5900,,Нет на складе
373,Телевизор Samsung QE65QN85AAUXRU,,Нет на складе
374,Телевизор Sony KD-55X81J,,Нет на складе
375,Телевизор Olto 43ST20U,,Нет на складе
376,Телевизор Avel Smart AVS240WS (черный),,Нет на складе
377,Телевизор LG 43UP751C0ZF,,Нет на складе
378,Телевизор JVC LT-42MU308,,Нет на складе
379,Телевизор TCL 65C825,,Нет на складе
380,Телевизор Harper 55U750TS,,Нет на складе
381,Телевизор Olto 43ST20H,,Нет на складе
382,Телевизор Olto 43T20H,,Нет на складе
383,Телевизор Artel UA43H3401,,Нет на складе
384,Телевизор Fox 32AOS411C,,Нет на складе
385,Телевизор POLAR Line 32PL55TC-SM,,Нет на складе
386,Телевизор POLAR P40L31T2SCSM,,Нет на складе
387,Телевизор BBK 24LEX-7143/TS2C,,Нет на складе
388,Телевизор Artel UA32H4101,,Нет на складе
389,Телевизор Artel 43AF90G (черный/серебристый),,Нет на складе
